<?xml version="1.0" encoding="UTF-8"?>
<!-- IMPORTANT: This is an internal file that has been generated
     by the Xilinx ISE software.  Any direct editing or
     changes made to this file may result in unpredictable
     behavior or data corruption.  It is strongly advised that
     users do not edit the contents of this file. -->
<DeviceUsageSummary rev="31">
<DesignStatistics TimeStamp="Sat Feb 18 11:43:12 2023"><group name="NetStatistics">
<item name="NumNets_Active" rev="30">
<attrib name="value" value="629"/></item>
<item name="NumNets_Gnd" rev="30">
<attrib name="value" value="1"/></item>
<item name="NumNets_Vcc" rev="30">
<attrib name="value" value="1"/></item>
<item name="NumNodesOfType_Active_BOUNCEIN" rev="30">
<attrib name="value" value="21"/></item>
<item name="NumNodesOfType_Active_BUFGOUT" rev="30">
<attrib name="value" value="1"/></item>
<item name="NumNodesOfType_Active_BUFHINP2OUT" rev="30">
<attrib name="value" value="7"/></item>
<item name="NumNodesOfType_Active_CLKPIN" rev="30">
<attrib name="value" value="74"/></item>
<item name="NumNodesOfType_Active_CLKPINFEED" rev="30">
<attrib name="value" value="7"/></item>
<item name="NumNodesOfType_Active_CNTRLPIN" rev="30">
<attrib name="value" value="4"/></item>
<item name="NumNodesOfType_Active_DOUBLE" rev="30">
<attrib name="value" value="413"/></item>
<item name="NumNodesOfType_Active_GENERIC" rev="30">
<attrib name="value" value="22"/></item>
<item name="NumNodesOfType_Active_GLOBAL" rev="30">
<attrib name="value" value="38"/></item>
<item name="NumNodesOfType_Active_INPUT" rev="30">
<attrib name="value" value="72"/></item>
<item name="NumNodesOfType_Active_IOBIN2OUT" rev="30">
<attrib name="value" value="18"/></item>
<item name="NumNodesOfType_Active_IOBOUTPUT" rev="30">
<attrib name="value" value="18"/></item>
<item name="NumNodesOfType_Active_LUTINPUT" rev="30">
<attrib name="value" value="1268"/></item>
<item name="NumNodesOfType_Active_OUTBOUND" rev="30">
<attrib name="value" value="539"/></item>
<item name="NumNodesOfType_Active_OUTPUT" rev="30">
<attrib name="value" value="611"/></item>
<item name="NumNodesOfType_Active_PADINPUT" rev="30">
<attrib name="value" value="15"/></item>
<item name="NumNodesOfType_Active_PADOUTPUT" rev="30">
<attrib name="value" value="4"/></item>
<item name="NumNodesOfType_Active_PINBOUNCE" rev="30">
<attrib name="value" value="184"/></item>
<item name="NumNodesOfType_Active_PINFEED" rev="30">
<attrib name="value" value="1358"/></item>
<item name="NumNodesOfType_Active_QUAD" rev="30">
<attrib name="value" value="119"/></item>
<item name="NumNodesOfType_Active_REGINPUT" rev="30">
<attrib name="value" value="11"/></item>
<item name="NumNodesOfType_Active_SINGLE" rev="30">
<attrib name="value" value="576"/></item>
<item name="NumNodesOfType_Vcc_HVCCOUT" rev="30">
<attrib name="value" value="102"/></item>
<item name="NumNodesOfType_Vcc_LUTINPUT" rev="30">
<attrib name="value" value="332"/></item>
<item name="NumNodesOfType_Vcc_PINFEED" rev="30">
<attrib name="value" value="332"/></item>
</group>
<group name="SiteStatistics">
<item name="BUFG-BUFGMUX" rev="30">
<attrib name="value" value="1"/></item>
<item name="IOB-IOBM" rev="30">
<attrib name="value" value="12"/></item>
<item name="IOB-IOBS" rev="30">
<attrib name="value" value="9"/></item>
<item name="SLICEL-SLICEM" rev="30">
<attrib name="value" value="55"/></item>
<item name="SLICEX-SLICEM" rev="30">
<attrib name="value" value="4"/></item>
</group>
<group name="MiscellaneousStatistics">
<item name="AGG_BONDED_IO" rev="31">
<attrib name="value" value="21"/></item>
<item name="AGG_IO" rev="31">
<attrib name="value" value="21"/></item>
<item name="AGG_LOCED_IO" rev="31">
<attrib name="value" value="15"/></item>
<item name="AGG_SLICE" rev="31">
<attrib name="value" value="148"/></item>
<item name="NUM_BONDED_IOB" rev="31">
<attrib name="value" value="21"/></item>
<item name="NUM_BSFULL" rev="31">
<attrib name="value" value="224"/></item>
<item name="NUM_BSLUTONLY" rev="31">
<attrib name="value" value="311"/></item>
<item name="NUM_BSUSED" rev="31">
<attrib name="value" value="535"/></item>
<item name="NUM_BUFG" rev="31">
<attrib name="value" value="1"/></item>
<item name="NUM_LOCED_IOB" rev="31">
<attrib name="value" value="15"/></item>
<item name="NUM_LOGIC_O5ANDO6" rev="31">
<attrib name="value" value="94"/></item>
<item name="NUM_LOGIC_O5ONLY" rev="31">
<attrib name="value" value="200"/></item>
<item name="NUM_LOGIC_O6ONLY" rev="31">
<attrib name="value" value="233"/></item>
<item name="NUM_LUT_RT_DRIVES_CARRY4" rev="31">
<attrib name="value" value="8"/></item>
<item name="NUM_LUT_RT_EXO6" rev="31">
<attrib name="value" value="8"/></item>
<item name="NUM_LUT_RT_O6" rev="31">
<attrib name="value" value="200"/></item>
<item name="NUM_SLICEL" rev="31">
<attrib name="value" value="88"/></item>
<item name="NUM_SLICEX" rev="31">
<attrib name="value" value="60"/></item>
<item name="NUM_SLICE_CARRY4" rev="31">
<attrib name="value" value="88"/></item>
<item name="NUM_SLICE_CONTROLSET" rev="31">
<attrib name="value" value="1"/></item>
<item name="NUM_SLICE_CYINIT" rev="31">
<attrib name="value" value="853"/></item>
<item name="NUM_SLICE_F7MUX" rev="31">
<attrib name="value" value="1"/></item>
<item name="NUM_SLICE_FF" rev="31">
<attrib name="value" value="224"/></item>
<item name="NUM_SLICE_UNUSEDCTRL" rev="31">
<attrib name="value" value="86"/></item>
</group>
</DesignStatistics>
<ReportConfigData TimeStamp="Fri Feb 17 12:06:28 2023"><group name="REG_SR">
<item name="CK" rev="30">
<attrib name="CK" value="261"/><attrib name="CK_INV" value="0"/></item>
<item name="LATCH_OR_FF" rev="30">
<attrib name="FF" value="261"/></item>
<item name="SRINIT" rev="30">
<attrib name="SRINIT0" value="261"/></item>
<item name="SYNC_ATTR" rev="30">
<attrib name="ASYNC" value="261"/></item>
</group>
<group name="SLICEL">
<item name="CLK" rev="30">
<attrib name="CLK" value="3"/><attrib name="CLK_INV" value="0"/></item>
</group>
<group name="IOB_OUTBUF">
<item name="DRIVEATTRBOX" rev="30">
<attrib name="8" value="11"/><attrib name="12" value="6"/></item>
<item name="SLEW" rev="30">
<attrib name="SLOW" value="6"/><attrib name="FAST" value="11"/></item>
<item name="SUSPEND" rev="30">
<attrib name="3STATE" value="17"/></item>
</group>
<group name="SLICEX">
<item name="CLK" rev="30">
<attrib name="CLK" value="71"/><attrib name="CLK_INV" value="0"/></item>
</group>
<group name="PULL_OR_KEEP1">
<item name="PULLTYPE" rev="30">
<attrib name="PULLUP" value="3"/></item>
</group>
<group name="FF_SR">
<item name="CK" rev="30">
<attrib name="CK" value="3"/><attrib name="CK_INV" value="0"/></item>
<item name="SRINIT" rev="30">
<attrib name="SRINIT0" value="3"/></item>
<item name="SYNC_ATTR" rev="30">
<attrib name="ASYNC" value="3"/></item>
</group>
</ReportConfigData>
<ReportPinData TimeStamp="Fri Feb 17 12:06:28 2023"><group name="REG_SR">
<item name="CE" rev="30">
<attrib name="value" value="8"/></item>
<item name="CK" rev="30">
<attrib name="value" value="261"/></item>
<item name="D" rev="30">
<attrib name="value" value="261"/></item>
<item name="Q" rev="30">
<attrib name="value" value="261"/></item>
</group>
<group name="SLICEL">
<item name="A1" rev="30">
<attrib name="value" value="31"/></item>
<item name="A2" rev="30">
<attrib name="value" value="32"/></item>
<item name="A3" rev="30">
<attrib name="value" value="33"/></item>
<item name="A4" rev="30">
<attrib name="value" value="35"/></item>
<item name="A5" rev="30">
<attrib name="value" value="98"/></item>
<item name="A6" rev="30">
<attrib name="value" value="98"/></item>
<item name="AMUX" rev="30">
<attrib name="value" value="66"/></item>
<item name="AX" rev="30">
<attrib name="value" value="1"/></item>
<item name="B1" rev="30">
<attrib name="value" value="16"/></item>
<item name="B2" rev="30">
<attrib name="value" value="18"/></item>
<item name="B3" rev="30">
<attrib name="value" value="18"/></item>
<item name="B4" rev="30">
<attrib name="value" value="27"/></item>
<item name="B5" rev="30">
<attrib name="value" value="90"/></item>
<item name="B6" rev="30">
<attrib name="value" value="94"/></item>
<item name="BMUX" rev="30">
<attrib name="value" value="74"/></item>
<item name="BQ" rev="30">
<attrib name="value" value="1"/></item>
<item name="BX" rev="30">
<attrib name="value" value="6"/></item>
<item name="C1" rev="30">
<attrib name="value" value="17"/></item>
<item name="C2" rev="30">
<attrib name="value" value="19"/></item>
<item name="C3" rev="30">
<attrib name="value" value="19"/></item>
<item name="C4" rev="30">
<attrib name="value" value="19"/></item>
<item name="C5" rev="30">
<attrib name="value" value="73"/></item>
<item name="C6" rev="30">
<attrib name="value" value="82"/></item>
<item name="CIN" rev="30">
<attrib name="value" value="71"/></item>
<item name="CLK" rev="30">
<attrib name="value" value="3"/></item>
<item name="CMUX" rev="30">
<attrib name="value" value="64"/></item>
<item name="COUT" rev="30">
<attrib name="value" value="71"/></item>
<item name="CQ" rev="30">
<attrib name="value" value="2"/></item>
<item name="CX" rev="30">
<attrib name="value" value="3"/></item>
<item name="D1" rev="30">
<attrib name="value" value="18"/></item>
<item name="D2" rev="30">
<attrib name="value" value="19"/></item>
<item name="D3" rev="30">
<attrib name="value" value="19"/></item>
<item name="D4" rev="30">
<attrib name="value" value="19"/></item>
<item name="D5" rev="30">
<attrib name="value" value="73"/></item>
<item name="D6" rev="30">
<attrib name="value" value="73"/></item>
<item name="DMUX" rev="30">
<attrib name="value" value="55"/></item>
<item name="DX" rev="30">
<attrib name="value" value="1"/></item>
</group>
<group name="IOB_OUTBUF">
<item name="IN" rev="30">
<attrib name="value" value="17"/></item>
<item name="OUT" rev="30">
<attrib name="value" value="17"/></item>
</group>
<group name="SLICEX">
<item name="A" rev="30">
<attrib name="value" value="1"/></item>
<item name="A1" rev="30">
<attrib name="value" value="2"/></item>
<item name="A2" rev="30">
<attrib name="value" value="2"/></item>
<item name="A3" rev="30">
<attrib name="value" value="3"/></item>
<item name="A4" rev="30">
<attrib name="value" value="5"/></item>
<item name="A5" rev="30">
<attrib name="value" value="67"/></item>
<item name="A6" rev="30">
<attrib name="value" value="69"/></item>
<item name="AMUX" rev="30">
<attrib name="value" value="2"/></item>
<item name="AQ" rev="30">
<attrib name="value" value="69"/></item>
<item name="B" rev="30">
<attrib name="value" value="3"/></item>
<item name="B1" rev="30">
<attrib name="value" value="2"/></item>
<item name="B2" rev="30">
<attrib name="value" value="2"/></item>
<item name="B3" rev="30">
<attrib name="value" value="4"/></item>
<item name="B4" rev="30">
<attrib name="value" value="5"/></item>
<item name="B5" rev="30">
<attrib name="value" value="67"/></item>
<item name="B6" rev="30">
<attrib name="value" value="70"/></item>
<item name="BMUX" rev="30">
<attrib name="value" value="3"/></item>
<item name="BQ" rev="30">
<attrib name="value" value="67"/></item>
<item name="C" rev="30">
<attrib name="value" value="1"/></item>
<item name="C1" rev="30">
<attrib name="value" value="1"/></item>
<item name="C2" rev="30">
<attrib name="value" value="1"/></item>
<item name="C3" rev="30">
<attrib name="value" value="2"/></item>
<item name="C4" rev="30">
<attrib name="value" value="2"/></item>
<item name="C5" rev="30">
<attrib name="value" value="65"/></item>
<item name="C6" rev="30">
<attrib name="value" value="66"/></item>
<item name="CE" rev="30">
<attrib name="value" value="4"/></item>
<item name="CLK" rev="30">
<attrib name="value" value="71"/></item>
<item name="CMUX" rev="30">
<attrib name="value" value="1"/></item>
<item name="CQ" rev="30">
<attrib name="value" value="65"/></item>
<item name="D" rev="30">
<attrib name="value" value="1"/></item>
<item name="D1" rev="30">
<attrib name="value" value="2"/></item>
<item name="D2" rev="30">
<attrib name="value" value="2"/></item>
<item name="D3" rev="30">
<attrib name="value" value="3"/></item>
<item name="D4" rev="30">
<attrib name="value" value="3"/></item>
<item name="D5" rev="30">
<attrib name="value" value="57"/></item>
<item name="D6" rev="30">
<attrib name="value" value="58"/></item>
<item name="DQ" rev="30">
<attrib name="value" value="57"/></item>
</group>
<group name="BUFG_BUFG">
<item name="I0" rev="30">
<attrib name="value" value="1"/></item>
<item name="O" rev="30">
<attrib name="value" value="1"/></item>
</group>
<group name="PULL_OR_KEEP1">
<item name="PAD" rev="30">
<attrib name="value" value="3"/></item>
</group>
<group name="PAD">
<item name="PAD" rev="30">
<attrib name="value" value="21"/></item>
</group>
<group name="IOB_INBUF">
<item name="OUT" rev="30">
<attrib name="value" value="4"/></item>
<item name="PAD" rev="30">
<attrib name="value" value="4"/></item>
</group>
<group name="CARRY4">
<item name="CIN" rev="30">
<attrib name="value" value="71"/></item>
<item name="CO0" rev="30">
<attrib name="value" value="3"/></item>
<item name="CO1" rev="30">
<attrib name="value" value="12"/></item>
<item name="CO2" rev="30">
<attrib name="value" value="2"/></item>
<item name="CO3" rev="30">
<attrib name="value" value="72"/></item>
<item name="CYINIT" rev="30">
<attrib name="value" value="27"/></item>
<item name="DI0" rev="30">
<attrib name="value" value="98"/></item>
<item name="DI1" rev="30">
<attrib name="value" value="94"/></item>
<item name="DI2" rev="30">
<attrib name="value" value="72"/></item>
<item name="DI3" rev="30">
<attrib name="value" value="72"/></item>
<item name="O0" rev="30">
<attrib name="value" value="63"/></item>
<item name="O1" rev="30">
<attrib name="value" value="63"/></item>
<item name="O2" rev="30">
<attrib name="value" value="63"/></item>
<item name="O3" rev="30">
<attrib name="value" value="54"/></item>
<item name="S0" rev="30">
<attrib name="value" value="98"/></item>
<item name="S1" rev="30">
<attrib name="value" value="95"/></item>
<item name="S2" rev="30">
<attrib name="value" value="83"/></item>
<item name="S3" rev="30">
<attrib name="value" value="72"/></item>
</group>
<group name="LUT5">
<item name="A1" rev="30">
<attrib name="value" value="71"/></item>
<item name="A2" rev="30">
<attrib name="value" value="53"/></item>
<item name="A3" rev="30">
<attrib name="value" value="64"/></item>
<item name="A4" rev="30">
<attrib name="value" value="62"/></item>
<item name="A5" rev="30">
<attrib name="value" value="81"/></item>
<item name="O5" rev="30">
<attrib name="value" value="332"/></item>
</group>
<group name="LUT6">
<item name="A1" rev="30">
<attrib name="value" value="88"/></item>
<item name="A2" rev="30">
<attrib name="value" value="94"/></item>
<item name="A3" rev="30">
<attrib name="value" value="101"/></item>
<item name="A4" rev="30">
<attrib name="value" value="115"/></item>
<item name="A5" rev="30">
<attrib name="value" value="590"/></item>
<item name="A6" rev="30">
<attrib name="value" value="610"/></item>
<item name="O6" rev="30">
<attrib name="value" value="614"/></item>
</group>
<group name="SELMUX2_1">
<item name="0" rev="30">
<attrib name="value" value="1"/></item>
<item name="1" rev="30">
<attrib name="value" value="1"/></item>
<item name="OUT" rev="30">
<attrib name="value" value="1"/></item>
<item name="S0" rev="30">
<attrib name="value" value="1"/></item>
</group>
<group name="IOB_IMUX">
<item name="I" rev="30">
<attrib name="value" value="4"/></item>
<item name="OUT" rev="30">
<attrib name="value" value="4"/></item>
</group>
<group name="IOB">
<item name="I" rev="30">
<attrib name="value" value="4"/></item>
<item name="O" rev="30">
<attrib name="value" value="17"/></item>
<item name="PAD" rev="30">
<attrib name="value" value="21"/></item>
</group>
<group name="HARD0">
<item name="0" rev="30">
<attrib name="value" value="12"/></item>
</group>
<group name="HARD1">
<item name="1" rev="30">
<attrib name="value" value="15"/></item>
</group>
<group name="FF_SR">
<item name="CE" rev="30">
<attrib name="value" value="2"/></item>
<item name="CK" rev="30">
<attrib name="value" value="3"/></item>
<item name="D" rev="30">
<attrib name="value" value="3"/></item>
<item name="Q" rev="30">
<attrib name="value" value="3"/></item>
</group>
<group name="BUFG">
<item name="I0" rev="30">
<attrib name="value" value="1"/></item>
<item name="O" rev="30">
<attrib name="value" value="1"/></item>
</group>
</ReportPinData>
<CmdHistory>
</CmdHistory>
</DeviceUsageSummary>
