<?xml version="1.0" encoding="UTF-8"?>
<!-- IMPORTANT: This is an internal file that has been generated
     by the Xilinx ISE software.  Any direct editing or
     changes made to this file may result in unpredictable
     behavior or data corruption.  It is strongly advised that
     users do not edit the contents of this file. -->
<DeviceUsageSummary rev="41">
<DesignStatistics TimeStamp="Sat Mar 11 07:53:57 2023"><group name="NetStatistics">
<item name="NumNets_Active" rev="40">
<attrib name="value" value="925"/></item>
<item name="NumNets_Vcc" rev="40">
<attrib name="value" value="1"/></item>
<item name="NumNodesOfType_Active_BOUNCEACROSS" rev="40">
<attrib name="value" value="1"/></item>
<item name="NumNodesOfType_Active_BOUNCEIN" rev="40">
<attrib name="value" value="25"/></item>
<item name="NumNodesOfType_Active_BUFGOUT" rev="40">
<attrib name="value" value="1"/></item>
<item name="NumNodesOfType_Active_BUFHINP2OUT" rev="40">
<attrib name="value" value="5"/></item>
<item name="NumNodesOfType_Active_CLKPIN" rev="40">
<attrib name="value" value="109"/></item>
<item name="NumNodesOfType_Active_CLKPINFEED" rev="40">
<attrib name="value" value="5"/></item>
<item name="NumNodesOfType_Active_CNTRLPIN" rev="40">
<attrib name="value" value="2"/></item>
<item name="NumNodesOfType_Active_DOUBLE" rev="40">
<attrib name="value" value="734"/></item>
<item name="NumNodesOfType_Active_GENERIC" rev="40">
<attrib name="value" value="2"/></item>
<item name="NumNodesOfType_Active_GLOBAL" rev="40">
<attrib name="value" value="46"/></item>
<item name="NumNodesOfType_Active_INPUT" rev="40">
<attrib name="value" value="105"/></item>
<item name="NumNodesOfType_Active_IOBIN2OUT" rev="40">
<attrib name="value" value="1"/></item>
<item name="NumNodesOfType_Active_IOBOUTPUT" rev="40">
<attrib name="value" value="1"/></item>
<item name="NumNodesOfType_Active_LUTINPUT" rev="40">
<attrib name="value" value="2030"/></item>
<item name="NumNodesOfType_Active_OUTBOUND" rev="40">
<attrib name="value" value="816"/></item>
<item name="NumNodesOfType_Active_OUTPUT" rev="40">
<attrib name="value" value="929"/></item>
<item name="NumNodesOfType_Active_PADINPUT" rev="40">
<attrib name="value" value="1"/></item>
<item name="NumNodesOfType_Active_PADOUTPUT" rev="40">
<attrib name="value" value="1"/></item>
<item name="NumNodesOfType_Active_PINBOUNCE" rev="40">
<attrib name="value" value="297"/></item>
<item name="NumNodesOfType_Active_PINFEED" rev="40">
<attrib name="value" value="2144"/></item>
<item name="NumNodesOfType_Active_PINFEED2" rev="40">
<attrib name="value" value="1"/></item>
<item name="NumNodesOfType_Active_QUAD" rev="40">
<attrib name="value" value="183"/></item>
<item name="NumNodesOfType_Active_REGINPUT" rev="40">
<attrib name="value" value="8"/></item>
<item name="NumNodesOfType_Active_SINGLE" rev="40">
<attrib name="value" value="922"/></item>
<item name="NumNodesOfType_Vcc_HVCCOUT" rev="40">
<attrib name="value" value="149"/></item>
<item name="NumNodesOfType_Vcc_LUTINPUT" rev="40">
<attrib name="value" value="506"/></item>
<item name="NumNodesOfType_Vcc_PINFEED" rev="40">
<attrib name="value" value="506"/></item>
</group>
<group name="SiteStatistics">
<item name="BUFG-BUFGMUX" rev="40">
<attrib name="value" value="1"/></item>
<item name="IOB-IOBS" rev="40">
<attrib name="value" value="2"/></item>
<item name="SLICEL-SLICEM" rev="40">
<attrib name="value" value="72"/></item>
<item name="SLICEX-SLICEL" rev="40">
<attrib name="value" value="9"/></item>
<item name="SLICEX-SLICEM" rev="40">
<attrib name="value" value="10"/></item>
</group>
<group name="MiscellaneousStatistics">
<item name="AGG_BONDED_IO" rev="41">
<attrib name="value" value="2"/></item>
<item name="AGG_IO" rev="41">
<attrib name="value" value="2"/></item>
<item name="AGG_LOCED_IO" rev="41">
<attrib name="value" value="2"/></item>
<item name="AGG_SLICE" rev="41">
<attrib name="value" value="256"/></item>
<item name="NUM_BONDED_IOB" rev="41">
<attrib name="value" value="2"/></item>
<item name="NUM_BSFULL" rev="41">
<attrib name="value" value="385"/></item>
<item name="NUM_BSLUTONLY" rev="41">
<attrib name="value" value="555"/></item>
<item name="NUM_BSUSED" rev="41">
<attrib name="value" value="940"/></item>
<item name="NUM_BUFG" rev="41">
<attrib name="value" value="1"/></item>
<item name="NUM_IOB_LATCH" rev="41">
<attrib name="value" value="1"/></item>
<item name="NUM_LOCED_IOB" rev="41">
<attrib name="value" value="2"/></item>
<item name="NUM_LOGIC_O5ANDO6" rev="41">
<attrib name="value" value="162"/></item>
<item name="NUM_LOGIC_O5ONLY" rev="41">
<attrib name="value" value="344"/></item>
<item name="NUM_LOGIC_O6ONLY" rev="41">
<attrib name="value" value="420"/></item>
<item name="NUM_LUT_RT_DRIVES_CARRY4" rev="41">
<attrib name="value" value="14"/></item>
<item name="NUM_LUT_RT_EXO6" rev="41">
<attrib name="value" value="14"/></item>
<item name="NUM_LUT_RT_O6" rev="41">
<attrib name="value" value="344"/></item>
<item name="NUM_OLOGIC2" rev="41">
<attrib name="value" value="1"/></item>
<item name="NUM_SLICEL" rev="41">
<attrib name="value" value="144"/></item>
<item name="NUM_SLICEX" rev="41">
<attrib name="value" value="112"/></item>
<item name="NUM_SLICE_CARRY4" rev="41">
<attrib name="value" value="143"/></item>
<item name="NUM_SLICE_CONTROLSET" rev="41">
<attrib name="value" value="2"/></item>
<item name="NUM_SLICE_CYINIT" rev="41">
<attrib name="value" value="1485"/></item>
<item name="NUM_SLICE_F7MUX" rev="41">
<attrib name="value" value="1"/></item>
<item name="NUM_SLICE_FF" rev="41">
<attrib name="value" value="385"/></item>
<item name="NUM_SLICE_UNUSEDCTRL" rev="41">
<attrib name="value" value="148"/></item>
<item name="NUM_UNUSABLE_FF_BELS" rev="41">
<attrib name="value" value="7"/></item>
</group>
</DesignStatistics>
<ReportConfigData TimeStamp="Fri Mar 10 17:18:03 2023"><group name="REG_SR">
<item name="CK" rev="40">
<attrib name="CK" value="383"/><attrib name="CK_INV" value="0"/></item>
<item name="LATCH_OR_FF" rev="40">
<attrib name="FF" value="383"/></item>
<item name="SRINIT" rev="40">
<attrib name="SRINIT0" value="383"/></item>
<item name="SYNC_ATTR" rev="40">
<attrib name="ASYNC" value="375"/><attrib name="SYNC" value="8"/></item>
</group>
<group name="SLICEL">
<item name="CLK" rev="40">
<attrib name="CLK" value="11"/><attrib name="CLK_INV" value="0"/></item>
</group>
<group name="IOB_OUTBUF">
<item name="DRIVEATTRBOX" rev="40">
<attrib name="8" value="1"/></item>
<item name="SLEW" rev="40">
<attrib name="FAST" value="1"/></item>
<item name="SUSPEND" rev="40">
<attrib name="3STATE" value="1"/></item>
</group>
<group name="SLICEX">
<item name="CLK" rev="40">
<attrib name="CLK" value="97"/><attrib name="CLK_INV" value="0"/></item>
</group>
<group name="OLOGIC2">
<item name="CLK0" rev="40">
<attrib name="CLK0_INV" value="1"/><attrib name="CLK0" value="0"/></item>
</group>
<group name="OLOGIC2_OUTFF">
<item name="CK0" rev="40">
<attrib name="CK0_INV" value="1"/><attrib name="CK0" value="0"/></item>
<item name="OUTFFTYPE" rev="40">
<attrib name="LATCH" value="1"/></item>
<item name="SRINIT_OQ" rev="40">
<attrib name="0" value="1"/></item>
</group>
<group name="FF_SR">
<item name="CK" rev="40">
<attrib name="CK" value="2"/><attrib name="CK_INV" value="0"/></item>
<item name="SRINIT" rev="40">
<attrib name="SRINIT0" value="2"/></item>
<item name="SYNC_ATTR" rev="40">
<attrib name="ASYNC" value="2"/></item>
</group>
</ReportConfigData>
<ReportPinData TimeStamp="Fri Mar 10 17:18:03 2023"><group name="REG_SR">
<item name="CK" rev="40">
<attrib name="value" value="383"/></item>
<item name="D" rev="40">
<attrib name="value" value="383"/></item>
<item name="Q" rev="40">
<attrib name="value" value="383"/></item>
<item name="SR" rev="40">
<attrib name="value" value="8"/></item>
</group>
<group name="SLICEL">
<item name="A" rev="40">
<attrib name="value" value="1"/></item>
<item name="A1" rev="40">
<attrib name="value" value="46"/></item>
<item name="A2" rev="40">
<attrib name="value" value="48"/></item>
<item name="A3" rev="40">
<attrib name="value" value="50"/></item>
<item name="A4" rev="40">
<attrib name="value" value="53"/></item>
<item name="A5" rev="40">
<attrib name="value" value="142"/></item>
<item name="A6" rev="40">
<attrib name="value" value="144"/></item>
<item name="AMUX" rev="40">
<attrib name="value" value="92"/></item>
<item name="AQ" rev="40">
<attrib name="value" value="2"/></item>
<item name="AX" rev="40">
<attrib name="value" value="2"/></item>
<item name="B1" rev="40">
<attrib name="value" value="24"/></item>
<item name="B2" rev="40">
<attrib name="value" value="25"/></item>
<item name="B3" rev="40">
<attrib name="value" value="38"/></item>
<item name="B4" rev="40">
<attrib name="value" value="45"/></item>
<item name="B5" rev="40">
<attrib name="value" value="134"/></item>
<item name="B6" rev="40">
<attrib name="value" value="140"/></item>
<item name="BMUX" rev="40">
<attrib name="value" value="106"/></item>
<item name="BQ" rev="40">
<attrib name="value" value="4"/></item>
<item name="BX" rev="40">
<attrib name="value" value="5"/></item>
<item name="C1" rev="40">
<attrib name="value" value="26"/></item>
<item name="C2" rev="40">
<attrib name="value" value="26"/></item>
<item name="C3" rev="40">
<attrib name="value" value="26"/></item>
<item name="C4" rev="40">
<attrib name="value" value="28"/></item>
<item name="C5" rev="40">
<attrib name="value" value="117"/></item>
<item name="C6" rev="40">
<attrib name="value" value="119"/></item>
<item name="CIN" rev="40">
<attrib name="value" value="104"/></item>
<item name="CLK" rev="40">
<attrib name="value" value="11"/></item>
<item name="CMUX" rev="40">
<attrib name="value" value="92"/></item>
<item name="COUT" rev="40">
<attrib name="value" value="104"/></item>
<item name="CQ" rev="40">
<attrib name="value" value="9"/></item>
<item name="CX" rev="40">
<attrib name="value" value="1"/></item>
<item name="D1" rev="40">
<attrib name="value" value="26"/></item>
<item name="D2" rev="40">
<attrib name="value" value="26"/></item>
<item name="D3" rev="40">
<attrib name="value" value="26"/></item>
<item name="D4" rev="40">
<attrib name="value" value="28"/></item>
<item name="D5" rev="40">
<attrib name="value" value="104"/></item>
<item name="D6" rev="40">
<attrib name="value" value="118"/></item>
<item name="DMUX" rev="40">
<attrib name="value" value="91"/></item>
<item name="DQ" rev="40">
<attrib name="value" value="2"/></item>
<item name="SR" rev="40">
<attrib name="value" value="2"/></item>
</group>
<group name="IOB_OUTBUF">
<item name="IN" rev="40">
<attrib name="value" value="1"/></item>
<item name="OUT" rev="40">
<attrib name="value" value="1"/></item>
</group>
<group name="SLICEX">
<item name="A" rev="40">
<attrib name="value" value="15"/></item>
<item name="A1" rev="40">
<attrib name="value" value="13"/></item>
<item name="A2" rev="40">
<attrib name="value" value="15"/></item>
<item name="A3" rev="40">
<attrib name="value" value="16"/></item>
<item name="A4" rev="40">
<attrib name="value" value="16"/></item>
<item name="A5" rev="40">
<attrib name="value" value="107"/></item>
<item name="A6" rev="40">
<attrib name="value" value="110"/></item>
<item name="AMUX" rev="40">
<attrib name="value" value="1"/></item>
<item name="AQ" rev="40">
<attrib name="value" value="95"/></item>
<item name="B" rev="40">
<attrib name="value" value="13"/></item>
<item name="B1" rev="40">
<attrib name="value" value="12"/></item>
<item name="B2" rev="40">
<attrib name="value" value="13"/></item>
<item name="B3" rev="40">
<attrib name="value" value="13"/></item>
<item name="B4" rev="40">
<attrib name="value" value="13"/></item>
<item name="B5" rev="40">
<attrib name="value" value="104"/></item>
<item name="B6" rev="40">
<attrib name="value" value="104"/></item>
<item name="BMUX" rev="40">
<attrib name="value" value="3"/></item>
<item name="BQ" rev="40">
<attrib name="value" value="91"/></item>
<item name="C" rev="40">
<attrib name="value" value="8"/></item>
<item name="C1" rev="40">
<attrib name="value" value="6"/></item>
<item name="C2" rev="40">
<attrib name="value" value="6"/></item>
<item name="C3" rev="40">
<attrib name="value" value="8"/></item>
<item name="C4" rev="40">
<attrib name="value" value="8"/></item>
<item name="C5" rev="40">
<attrib name="value" value="98"/></item>
<item name="C6" rev="40">
<attrib name="value" value="98"/></item>
<item name="CLK" rev="40">
<attrib name="value" value="97"/></item>
<item name="CMUX" rev="40">
<attrib name="value" value="2"/></item>
<item name="CQ" rev="40">
<attrib name="value" value="90"/></item>
<item name="D" rev="40">
<attrib name="value" value="7"/></item>
<item name="D1" rev="40">
<attrib name="value" value="5"/></item>
<item name="D2" rev="40">
<attrib name="value" value="6"/></item>
<item name="D3" rev="40">
<attrib name="value" value="6"/></item>
<item name="D4" rev="40">
<attrib name="value" value="6"/></item>
<item name="D5" rev="40">
<attrib name="value" value="97"/></item>
<item name="D6" rev="40">
<attrib name="value" value="97"/></item>
<item name="DMUX" rev="40">
<attrib name="value" value="2"/></item>
<item name="DQ" rev="40">
<attrib name="value" value="90"/></item>
</group>
<group name="BUFG_BUFG">
<item name="I0" rev="40">
<attrib name="value" value="1"/></item>
<item name="O" rev="40">
<attrib name="value" value="1"/></item>
</group>
<group name="PAD">
<item name="PAD" rev="40">
<attrib name="value" value="2"/></item>
</group>
<group name="IOB_INBUF">
<item name="OUT" rev="40">
<attrib name="value" value="1"/></item>
<item name="PAD" rev="40">
<attrib name="value" value="1"/></item>
</group>
<group name="OLOGIC2">
<item name="CLK0" rev="40">
<attrib name="value" value="1"/></item>
<item name="D1" rev="40">
<attrib name="value" value="1"/></item>
<item name="OQ" rev="40">
<attrib name="value" value="1"/></item>
</group>
<group name="CARRY4">
<item name="CIN" rev="40">
<attrib name="value" value="104"/></item>
<item name="CO0" rev="40">
<attrib name="value" value="1"/></item>
<item name="CO1" rev="40">
<attrib name="value" value="17"/></item>
<item name="CO2" rev="40">
<attrib name="value" value="7"/></item>
<item name="CO3" rev="40">
<attrib name="value" value="104"/></item>
<item name="CYINIT" rev="40">
<attrib name="value" value="39"/></item>
<item name="DI0" rev="40">
<attrib name="value" value="143"/></item>
<item name="DI1" rev="40">
<attrib name="value" value="140"/></item>
<item name="DI2" rev="40">
<attrib name="value" value="118"/></item>
<item name="DI3" rev="40">
<attrib name="value" value="104"/></item>
<item name="O0" rev="40">
<attrib name="value" value="93"/></item>
<item name="O1" rev="40">
<attrib name="value" value="93"/></item>
<item name="O2" rev="40">
<attrib name="value" value="93"/></item>
<item name="O3" rev="40">
<attrib name="value" value="93"/></item>
<item name="S0" rev="40">
<attrib name="value" value="143"/></item>
<item name="S1" rev="40">
<attrib name="value" value="142"/></item>
<item name="S2" rev="40">
<attrib name="value" value="125"/></item>
<item name="S3" rev="40">
<attrib name="value" value="118"/></item>
</group>
<group name="OLOGIC2_OUTFF">
<item name="CK0" rev="40">
<attrib name="value" value="1"/></item>
<item name="D1" rev="40">
<attrib name="value" value="1"/></item>
<item name="Q" rev="40">
<attrib name="value" value="1"/></item>
</group>
<group name="LUT5">
<item name="A1" rev="40">
<attrib name="value" value="123"/></item>
<item name="A2" rev="40">
<attrib name="value" value="105"/></item>
<item name="A3" rev="40">
<attrib name="value" value="110"/></item>
<item name="A4" rev="40">
<attrib name="value" value="107"/></item>
<item name="A5" rev="40">
<attrib name="value" value="141"/></item>
<item name="O5" rev="40">
<attrib name="value" value="506"/></item>
</group>
<group name="LUT6">
<item name="A1" rev="40">
<attrib name="value" value="151"/></item>
<item name="A2" rev="40">
<attrib name="value" value="159"/></item>
<item name="A3" rev="40">
<attrib name="value" value="182"/></item>
<item name="A4" rev="40">
<attrib name="value" value="197"/></item>
<item name="A5" rev="40">
<attrib name="value" value="903"/></item>
<item name="A6" rev="40">
<attrib name="value" value="930"/></item>
<item name="O6" rev="40">
<attrib name="value" value="940"/></item>
</group>
<group name="SELMUX2_1">
<item name="0" rev="40">
<attrib name="value" value="1"/></item>
<item name="1" rev="40">
<attrib name="value" value="1"/></item>
<item name="OUT" rev="40">
<attrib name="value" value="1"/></item>
<item name="S0" rev="40">
<attrib name="value" value="1"/></item>
</group>
<group name="IOB_IMUX">
<item name="I" rev="40">
<attrib name="value" value="1"/></item>
<item name="OUT" rev="40">
<attrib name="value" value="1"/></item>
</group>
<group name="IOB">
<item name="I" rev="40">
<attrib name="value" value="1"/></item>
<item name="O" rev="40">
<attrib name="value" value="1"/></item>
<item name="PAD" rev="40">
<attrib name="value" value="2"/></item>
</group>
<group name="HARD0">
<item name="0" rev="40">
<attrib name="value" value="23"/></item>
</group>
<group name="HARD1">
<item name="1" rev="40">
<attrib name="value" value="16"/></item>
</group>
<group name="FF_SR">
<item name="CK" rev="40">
<attrib name="value" value="2"/></item>
<item name="D" rev="40">
<attrib name="value" value="2"/></item>
<item name="Q" rev="40">
<attrib name="value" value="2"/></item>
</group>
<group name="BUFG">
<item name="I0" rev="40">
<attrib name="value" value="1"/></item>
<item name="O" rev="40">
<attrib name="value" value="1"/></item>
</group>
</ReportPinData>
<CmdHistory>
</CmdHistory>
</DeviceUsageSummary>
